교량명,부재명,부재위치,번 호,신/구,손상내용,"균열폭
(㎜)","길이
(m)","너비
(m)",개소,단위,"결함
상태",손상물량,비고,Unnamed: 14,Unnamed: 15,Unnamed: 16,Unnamed: 17
암정교,교면포장,S1,1,구,포장면 균열,,25.0,,1,m,,25.0,보수완료,,,6.8,18.2
암정교,교면포장,S1,2,구,포장면 균열,,2.0,,2,m,,4.0,보수완료,,,,
암정교,교면포장,S1,3,구,포장면 균열,,1.0,,1,m,,1.0,보수완료,,,,
암정교,교면포장,S1,4,구,포장면 균열,,2.0,,1,m,,2.0,보수완료,,,,
암정교,교면포장,S1,5,구,포장면 균열,,25.0,,1,m,,25.0,보수완료,,,,
암정교,교면포장,S1,6,구,포장면 망상균열,,2.0,1.5,1,㎡,,3.0,보수완료,,,,
암정교,난간 및 연석,S1,7,구,교명주 기초 파손,,2.8,0.5,1,㎡,,1.4,보수완료,,,,
암정교,신축이음,S1,8,구,유간토사퇴적,,8.8,,1,m,,8.8,,,,,
암정교,난간 및 연석,S1,9,구,차수판 설치불량,,,,2,EA,,2.0,,,,,
암정교,신축이음,S1,10,구,후타재 균열,0.2,0.2,,28,m,,5.6,보수완료,,,,
암정교,접속부,S1,11,구,접속부 포장 망상균열,,8.8,0.5,1,㎡,,4.4,보수완료,,,,
암정교,교면포장,S1,12,구,토사퇴적,,25.0,1.0,2,㎡,,50.0,보수완료,,,,
암정교,배수시설,S1,13,구,배수구 막힘,,,,2,EA,,2.0,보수완료,,,,
암정교,교면포장,S1,14,구,포장면 망상균열,,1.0,1.5,1,㎡,,1.5,보수완료,,,,
암정교,교면포장,S1,15,구,포장면 균열,,3.0,,1,m,,3.0,보수완료,,,,
암정교,교면포장,S1,16,구,포장면 균열,,4.0,,1,m,,4.0,보수완료,,,,
암정교,배수시설,S1,17,구,배수구 막힘,,,,2,EA,,2.0,보수완료,,,,
암정교,교면포장,S1,18,구,패임,,0.5,0.6,1,㎡,,0.3,보수완료,,,,
암정교,교면포장,S1,19,구,포장면 망상균열,,25.0,8.0,1,㎡,,200.0,보수완료,,,,
암정교,교면포장,S1,20,구,보도부 포장면 들뜸,,15.0,1.2,2,㎡,,36.0,보수완료,,,,
암정교,난간 및 연석,S1,21,신,교명주 기초 파손,,0.5,2.8,1,㎡,,1.4,,,,,
암정교,난간 및 연석,S1,22,신,박리,,0.2,0.5,1,㎡,,0.1,,,,,
암정교,난간 및 연석,S1,23,신,박리,,0.2,0.2,1,㎡,,0.04,,,,,
암정교,신축이음,S1,24,신,후타재 균열,0.2,0.3,,5,m,,1.5,,,,,
암정교,교면포장,S2,1,구,포장면 균열,,30.0,,1,m,,30.0,보수완료,,,,
암정교,교면포장,S2,2,구,포장면 균열,,0.5,,6,m,,3.0,보수완료,,,,
암정교,교면포장,S2,3,구,토사퇴적,,30.0,1.0,2,㎡,,60.0,보수완료,,,,
암정교,배수시설,S2,4,구,배수구 막힘,,,,2,EA,,2.0,보수완료,,,,
암정교,교면포장,S2,5,구,포장면 망상균열,,20.0,1.5,1,㎡,,30.0,보수완료,,,,
암정교,교면포장,S2,6,구,포장면 망상균열,,15.0,1.5,1,㎡,,22.5,보수완료,,,,
암정교,교면포장,S2,7,구,포장면 균열,,13.0,,1,m,,13.0,보수완료,,,,
암정교,배수시설,S2,8,구,배수구 막힘,,,,1,EA,,1.0,보수완료,,,,
암정교,배수시설,S2,9,구,배수구 막힘,,,,1,EA,,1.0,보수완료,,,,
암정교,교면포장,S2,10,구,패임,,0.2,0.2,1,㎡,,0.04,보수완료,,,,
암정교,교면포장,S2,11,구,포장면 망상균열,,30.0,8.0,1,㎡,,240.0,보수완료,,,,
암정교,난간 및 연석,S2,12,신,박리,,0.2,0.6,1,㎡,,0.12,,,,,
암정교,난간 및 연석,S2,13,신,박리,,0.2,0.4,1,㎡,,0.08,,,,,
암정교,교면포장,S3,1,구,포장면 균열,,30.0,,1,m,,30.0,보수완료,,,,
암정교,교면포장,S3,2,구,포장면 망상균열,,15.0,2.0,1,㎡,,30.0,보수완료,,,,
암정교,교면포장,S3,3,구,토사퇴적,,30.0,1.0,2,㎡,,60.0,보수완료,,,,
암정교,교면포장,S3,4,구,포장면 망상균열,,20.0,1.0,1,㎡,,20.0,보수완료,,,,
암정교,교면포장,S3,5,구,포장면 균열,,15.0,,1,m,,15.0,보수완료,,,,
암정교,배수시설,S3,6,구,그레이팅망실,,,,1,EA,,1.0,보수완료,,,,
암정교,배수시설,S3,7,구,배수구 막힘,,,,2,EA,,2.0,보수완료,,,,
암정교,교면포장,S3,8,구,포장면 망상균열,,30.0,8.0,1,㎡,,240.0,보수완료,,,,
암정교,교면포장,S3,9,구,포장 패임,,0.5,0.5,1,㎡,,0.25,보수완료,,,,
암정교,교면포장,S4,1,구,포장면 균열,,30.0,,1,m,,30.0,보수완료,,,,
암정교,교면포장,S4,2,구,포장면 균열,,5.0,,1,m,,5.0,보수완료,,,,
암정교,신축이음,S4,3,구,후타재 파손,,0.6,0.3,1,㎡,,0.18,보수완료,,,,
암정교,신축이음,S4,4,구,유간토사퇴적,,8.8,,1,m,,8.8,보수완료,,,,
암정교,교면포장,S4,5,구,토사퇴적,,30.0,1.0,2,㎡,,60.0,보수완료,,,,
암정교,난간 및 연석,S4,6,구,연석 표면박리,,2.5,0.2,1,㎡,,0.5,보수완료,,,,
암정교,신축이음,S4,7,구,후타재 균열,0.2,0.3,,30,m,,9.0,보수완료,,,,
암정교,배수시설,S4,8,구,배수구 막힘,,,,1,EA,,1.0,보수완료,,,,
암정교,교면포장,S4,9,구,포장면 균열,,20.0,,1,m,,20.0,보수완료,,,,
암정교,교면포장,S4,10,구,포장면 망상균열,,30.0,1.0,1,㎡,,30.0,보수완료,,,,
암정교,난간 및 연석,S4,11,구,박리,,0.8,0.1,1,㎡,,0.08,보수완료,,,,
암정교,난간 및 연석,S4,12,구,연석 표면박리,,22.0,0.2,1,㎡,,4.4,보수완료,,,,
암정교,교면포장,S4,13,구,포장면 망상균열,,30.0,8.0,1,㎡,,240.0,보수완료,,,,
암정교,난간 및 연석,S4,14,신,차수판 변형/파손,,,,1,EA,,1.0,,,,,
암정교,교면포장,S5,1,구,포장면 균열,,30.0,,1,m,,30.0,보수완료,,,,
암정교,교면포장,S5,2,구,포장면 망상균열,,8.0,1.0,1,㎡,,8.0,보수완료,,,,
암정교,난간 및 연석,S5,3,구,연석 표면박리,,30.0,0.5,1,㎡,,15.0,보수완료,,,,
암정교,교면포장,S5,4,구,토사퇴적,,30.0,1.0,2,㎡,,60.0,보수완료,,,,
암정교,교면포장,S5,5,구,포장면 균열,,30.0,,1,m,,30.0,보수완료,,,,
암정교,난간 및 연석,S5,6,구,박리,,0.2,0.1,1,㎡,,0.02,보수완료,,,,
암정교,난간 및 연석,S5,7,구,박리,,0.3,0.1,1,㎡,,0.03,보수완료,,,,
암정교,난간 및 연석,S5,8,구,박리,,0.2,0.1,1,㎡,,0.02,보수완료,,,,
암정교,난간 및 연석,S5,9,구,박리,,0.1,0.2,1,㎡,,0.02,,,,,
암정교,배수시설,S5,10,구,배수구 막힘,,,,1,EA,,1.0,보수완료,,,,
암정교,교면포장,S5,11,구,포장면 망상균열,,30.0,8.0,1,㎡,,240.0,보수완료,,,,
암정교,난간 및 연석,S5,12,신,박리,,0.2,0.3,1,㎡,,0.06,,,,,
암정교,난간 및 연석,S5,13,신,박리,,0.2,0.3,1,㎡,,0.06,,,,,
암정교,교면포장,S6,1,구,포장면 균열,,25.0,,1,m,,25.0,보수완료,,,,
암정교,교면포장,S6,2,구,포장면 망상균열,,25.0,2.0,1,㎡,,50.0,보수완료,,,,
암정교,난간 및 연석,S6,3,구,교명주 노후화,,2.8,0.5,1,㎡,,1.4,보수완료,,,,
암정교,신축이음,S6,4,구,후타재 파손,,0.3,1.0,1,㎡,,0.3,보수완료,,,,
암정교,신축이음,S6,5,구,후타재 파손,,0.2,1.0,1,㎡,,0.2,보수완료,,,,
암정교,신축이음,S6,6,구,차수판 설치불량,,,,2,EA,,2.0,,,,,
암정교,교면포장,S6,7,구,토사퇴적,,25.0,1.0,2,㎡,,50.0,보수완료,,,,
암정교,신축이음,S6,8,구,후타재 균열,,0.2,,13,m,,2.6,보수완료,,,,
암정교,신축이음,S6,9,구,유간토사퇴적,,8.8,,1,m,,8.8,보수완료,,,,
암정교,배수시설,S6,10,구,배수구 막힘,,,,1,EA,,1.0,보수완료,,,,
암정교,교면포장,S6,11,구,포장면 균열,,25.0,,1,m,,25.0,보수완료,,,,
암정교,교면포장,S6,12,구,포장면 망상균열,,25.0,1.0,1,㎡,,25.0,보수완료,,,,
암정교,신축이음,S6,13,구,후타재 파손,,0.3,0.2,1,㎡,,0.06,보수완료,,,,
암정교,교면포장,S6,14,구,접속부 포장 망상균열,,8.0,0.3,1,㎡,,2.4,보수완료,,,,
암정교,신축이음,S6,15,구,후타재 파손,,0.3,1.0,1,㎡,,0.3,보수완료,,,,
암정교,난간 및 연석,S6,16,구,박리,,0.3,0.1,3,㎡,,0.09,보수완료,,,,
암정교,난간 및 연석,S6,17,구,박리,,0.1,0.4,2,㎡,,0.08,보수완료,,,,
암정교,배수시설,S6,18,구,배수구 막힘,,,,1,EA,,1.0,보수완료,,,,
암정교,교면포장,S6,19,구,포장면 망상균열,,25.0,8.0,1,㎡,,200.0,보수완료,,,,
암정교,난간 및 연석,S6,20,신,박리,,0.2,0.2,1,㎡,,0.04,,,,,
암정교,신축이음,S6,21,신,후타재 박리,,0.2,0.8,1,㎡,,0.16,,,,,
암정교,신축이음,S6,22,신,후타재 박리,,0.3,1.0,1,㎡,,0.3,,,,,
암정교,신축이음,S6,23,신,후타재 박리,,0.4,0.4,1,㎡,,0.16,,,,,
암정교,배수시설,S1,1,구,배수관 이음부누수,,,,2,EA,,2.0,보수완료,,,,
암정교,바닥판하면,S1,2,구,백태,,25.0,0.4,1,㎡,,10.0,보수완료,,,,
암정교,바닥판하면,S1,3,구,박락,,0.3,0.2,1,㎡,,0.06,보수완료,,,,
암정교,바닥판하면,S1,4,구,박락 및 철근노출,,1.5,0.3,1,㎡,,0.45,보수완료,,,,
암정교,바닥판하면,S1,5,구,망상균열 및 백태,,4.5,2.1,12,㎡,,113.4,보수완료,,,,
암정교,바닥판하면,S1,6,구,백태,,25.0,0.4,1,㎡,,10.0,보수완료,,,,
암정교,배수시설,S1,7,구,배수관 이음부누수,,,,2,EA,,2.0,보수완료,,,,
암정교,배수시설,S1,8,구,배수관 부식,,,,2,EA,,2.0,보수완료,,,,
암정교,바닥판하면,S1,9,구,누수흔적 및 백태,,0.2,0.2,2,㎡,,0.08,보수완료,,,,
암정교,배수시설,S1,10,신,배수관 이음부누수,,,,1,EA,,1.0,,,,,
암정교,바닥판하면,S1,11,신,백태,,0.2,25.0,1,㎡,,5.0,,,,,
암정교,바닥판하면,S2,1,구,백태,,30.0,0.4,1,㎡,,12.0,보수완료,,,,
암정교,바닥판하면,S2,2,구,망상균열 및 백태,,4.5,2.1,7,㎡,,66.15,보수완료,,,,
암정교,바닥판하면,S2,3,구,망상균열 및 백태,,4.5,1.0,1,㎡,,4.5,보수완료,,,,
암정교,바닥판하면,S2,4,구,망상균열 및 백태,,4.0,1.5,1,㎡,,6.0,보수완료,,,,
암정교,바닥판하면,S2,5,구,망상균열 및 백태,,4.5,2.1,2,㎡,,18.9,보수완료,,,,
암정교,바닥판하면,S2,6,구,망상균열 및 백태,,2.0,1.5,1,㎡,,3.0,보수완료,,,,
암정교,바닥판하면,S2,7,구,망상균열 및 백태,,4.5,1.5,1,㎡,,6.75,보수완료,,,,
암정교,바닥판하면,S2,8,구,망상균열 및 백태,,2.0,2.0,1,㎡,,4.0,보수완료,,,,
암정교,배수시설,S2,9,구,배수관 이음부누수,,,,1,EA,,1.0,보수완료,,,,
암정교,배수시설,S2,10,구,배수관 길이부족,,,,4,EA,,4.0,보수완료,,,,
암정교,바닥판하면,S2,11,구,백태,,0.2,0.2,1,㎡,,0.04,보수완료,,,,
암정교,바닥판하면,S2,12,구,망상균열 및 백태,,0.5,0.6,1,㎡,,0.3,보수완료,,,,
암정교,바닥판하면,S2,13,구,망상균열 및 백태,,4.5,1.1,1,㎡,,4.95,보수완료,,,,
암정교,바닥판하면,S2,14,구,망상균열 및 백태,,2.5,0.1,1,㎡,,0.25,보수완료,,,,
암정교,바닥판하면,S2,15,구,망상균열 및 백태,,4.5,0.6,1,㎡,,2.7,보수완료,,,,
암정교,바닥판하면,S2,16,구,망상균열 및 백태,,2.5,0.6,1,㎡,,1.5,보수완료,,,,
암정교,바닥판하면,S2,17,구,망상균열 및 백태,,4.5,2.1,4,㎡,,37.8,보수완료,,,,
암정교,바닥판하면,S2,18,신,백태,,0.4,30.0,1,㎡,,12.0,,,,,
암정교,바닥판하면,S3,1,구,박락 및 철근노출,,0.3,0.5,1,㎡,,0.15,보수완료,,,,
암정교,바닥판하면,S3,2,구,박락 및 철근노출,,1.5,0.4,2,㎡,,1.2,보수완료,,,,
암정교,바닥판하면,S3,3,구,박락 및 철근노출,,0.5,0.2,1,㎡,,0.1,보수완료,,,,
암정교,바닥판하면,S3,4,구,백태,,30.0,0.4,1,㎡,,12.0,보수완료,,,,
암정교,바닥판하면,S3,5,구,박락 및 철근노출,,0.9,0.3,1,㎡,,0.27,보수완료,,,,
암정교,바닥판하면,S3,6,구,보수재박리,,4.0,1.0,1,㎡,,4.0,보수완료,,,,
암정교,바닥판하면,S3,7,구,백태,,30.0,0.4,1,㎡,,12.0,보수완료,,,,
암정교,배수시설,S3,8,구,배수관 이음부누수,,,,2,EA,,2.0,보수완료,,,,
암정교,바닥판하면,S3,9,구,파손,,0.3,0.3,1,㎡,,0.09,보수완료,,,,
암정교,신축이음,S3,10,구,하부 누수,,1.0,,2,m,,2.0,,,,,
암정교,바닥판하면,S3,11,구,박락 및 철근노출,,1.0,0.3,1,㎡,,0.3,보수완료,,,,
암정교,바닥판하면,S3,12,구,보수재박락,,3.5,0.8,1,㎡,,2.8,보수완료,,,,
암정교,배수시설,S3,13,구,배수관 이음부누수,,,,1,EA,,1.0,보수완료,,,,
암정교,배수시설,S3,14,구,배수관 길이부족,,,,6,EA,,6.0,보수완료,,,,
암정교,바닥판하면,S3,15,구,보수재박락,,3.0,0.6,1,㎡,,1.8,보수완료,,,,
암정교,바닥판하면,S3,16,구,보수재박락,,3.0,1.8,1,㎡,,5.4,보수완료,,,,
암정교,바닥판하면,S3,17,구,보수재박락,,0.6,1.0,1,㎡,,0.6,보수완료,,,,
암정교,바닥판하면,S3,18,구,보수재박락,,2.0,1.5,2,㎡,,6.0,보수완료,,,,
암정교,바닥판하면,S3,19,신,백태,,0.2,30.0,1,㎡,,6.0,,,,,
암정교,바닥판하면,S3,20,신,보수재 박리,,1.0,1.0,1,㎡,,1.0,,,,,
암정교,바닥판하면,S3,21,신,보수재 박리,,1.5,1.5,1,㎡,,2.25,,,,,
암정교,바닥판하면,S3,22,신,보수재 박리,,1.8,1.5,1,㎡,,2.7,,,,,
암정교,바닥판하면,S3,23,신,보수재 박리,,1.8,4.0,1,㎡,,7.2,,,,,
암정교,바닥판하면,S4,1,구,박락 및 철근노출,,0.2,0.5,1,㎡,,0.1,보수완료,,,,
암정교,바닥판하면,S4,2,구,박락 및 철근노출,,0.3,0.2,1,㎡,,0.06,보수완료,,,,
암정교,바닥판하면,S4,3,구,백태 및 누수흔적,,1.2,0.5,1,㎡,,0.6,보수완료,,,,
암정교,바닥판하면,S4,4,구,박락 및 철근노출,,0.4,0.2,1,㎡,,0.08,보수완료,,,,
암정교,배수시설,S4,5,구,배수관 이음부누수,,,,1,EA,,1.0,보수완료,,,,
암정교,바닥판하면,S4,6,구,누수흔적 및 백태,,0.5,0.5,1,㎡,,0.25,보수완료,,,,
암정교,배수시설,S4,7,구,배수관 길이부족,,,,3,EA,,3.0,보수완료,,,,
암정교,바닥판하면,S4,8,구,백태,,15.0,0.4,1,㎡,,6.0,보수완료,,,,
암정교,배수시설,S4,9,구,배수관 길이부족,,,,3,EA,,3.0,,,,,
암정교,바닥판하면,S4,10,신,백태,,0.3,30.0,1,㎡,,9.0,,,,,
암정교,바닥판하면,S4,11,신,박락,,0.2,0.2,1,㎡,,0.04,,,,,
암정교,바닥판하면,S4,12,신,보수부 백태,,1.8,4.0,1,㎡,,7.2,,,,,
암정교,바닥판하면,S4,13,신,보수부 백태,,1.8,4.0,2,㎡,,14.4,,,,,
암정교,바닥판하면,S5,1,구,재료분리,,0.3,1.7,1,㎡,,0.51,보수완료,,,,
암정교,바닥판하면,S5,2,구,재료분리,,0.5,1.5,1,㎡,,0.75,보수완료,,,,
암정교,바닥판하면,S5,3,구,재료분리,,1.5,1.0,1,㎡,,1.5,보수완료,,,,
암정교,바닥판하면,S5,4,구,재료분리,,1.5,1.0,1,㎡,,1.5,보수완료,,,,
암정교,바닥판하면,S5,5,구,철근노출,,0.3,0.2,2,㎡,,0.12,보수완료,,,,
암정교,바닥판하면,S5,6,구,철근노출,,0.3,0.3,1,㎡,,0.09,보수완료,,,,
암정교,바닥판하면,S5,7,구,백태,,0.4,0.6,1,㎡,,0.24,보수완료,,,,
암정교,배수시설,S5,8,구,배수관 이음부누수,,,,2,EA,,2.0,,,,,
암정교,바닥판하면,S5,9,구,백태,,0.8,0.4,1,㎡,,0.32,보수완료,,,,
암정교,바닥판하면,S5,10,구,백태,,5.0,0.7,1,㎡,,3.5,보수완료,,,,
암정교,바닥판하면,S5,11,구,백태,,0.4,0.6,1,㎡,,0.24,보수완료,,,,
암정교,바닥판하면,S5,12,신,백태,,0.4,12.0,1,㎡,,4.8,,,,,
암정교,바닥판하면,S5,13,신,백태,,0.4,10.0,1,㎡,,4.0,,,,,
암정교,바닥판하면,S5,14,신,박락,,0.2,0.2,1,㎡,,0.04,,,,,
암정교,바닥판하면,S5,15,신,백태,,0.5,3.0,1,㎡,,1.5,,,,,
암정교,바닥판하면,S5,16,신,백태,,0.4,5.0,1,㎡,,2.0,,,,,
암정교,바닥판하면,S5,17,신,백태,,0.4,5.0,1,㎡,,2.0,,,,,
암정교,바닥판하면,S5,18,신,백태,,0.8,2.5,1,㎡,,2.0,,,,,
암정교,바닥판하면,S5,19,신,백태,,0.5,5.0,2,㎡,,5.0,,,,,
암정교,바닥판하면,S5,20,신,백태,,0.4,20.0,1,㎡,,8.0,,,,,
암정교,바닥판하면,S5,21,신,박리,,0.3,0.3,1,㎡,,0.09,,,,,
암정교,바닥판하면,S5,22,신,백태,,0.4,0.8,1,㎡,,0.32,,,,,
암정교,신축이음,S6,1,구,하부 누수,,0.8,,1,m,,0.8,보수완료,,,,
암정교,바닥판하면,S6,2,구,박리,,0.2,1.0,1,㎡,,0.2,보수완료,,,,
암정교,바닥판하면,S6,3,구,박락 및 백태,,0.3,1.5,1,㎡,,0.45,보수완료,,,,
암정교,배수시설,S6,4,구,배수관 이음부누수,,,,1,EA,,1.0,,,,,
암정교,바닥판하면,S6,5,구,백태,,5.0,1.2,1,㎡,,6.0,보수완료,,,,
암정교,바닥판하면,S6,6,신,백태,,0.4,5.0,1,㎡,,2.0,,,,,
암정교,바닥판하면,S6,7,신,백태,,1.0,5.0,2,㎡,,10.0,,,,,
암정교,바닥판하면,S6,8,신,백태,,1.5,1.5,1,㎡,,2.25,,,,,
암정교,바닥판하면,S6,9,신,백태,,0.5,30.0,1,㎡,,15.0,,,,,
암정교,바닥판하면,S6,10,신,백태,,0.8,1.5,1,㎡,,1.2,,,,,
암정교,바닥판하면,S6,11,신,백태,,1.0,2.0,1,㎡,,2.0,,,,,
암정교,바닥판하면,S6,12,신,박리,,0.3,0.3,1,㎡,,0.09,,,,,
암정교,거더,S1,1,구,재료분리,,0.1,0.2,1,㎡,,0.02,보수완료,,,,
암정교,거더,S1,2,구,재료분리,,0.3,0.2,1,㎡,,0.06,보수완료,,,,
암정교,거더,S1,3,구,파손,,0.1,0.1,1,㎡,,0.01,보수완료,,,,
암정교,거더,S1,4,구,백태,,0.2,1.7,1,㎡,,0.34,보수완료,,,,
암정교,거더,S1,5,신,백태,,0.4,1.7,1,㎡,,0.68,,,,,
암정교,거더,S1,6,신,백태,,0.4,1.7,1,㎡,,0.68,,,,,
암정교,거더,S2,1,구,철근노출,,0.1,0.2,1,㎡,,0.02,,,,,
암정교,거더,S2,2,구,철근노출,,0.3,0.1,1,㎡,,0.03,보수완료,,,,
암정교,거더,S2,3,구,철근노출,,0.4,0.1,2,㎡,,0.08,보수완료,,,,
암정교,거더,S2,4,구,철근노출,,0.4,0.1,3,㎡,,0.12,보수완료,,,,
암정교,거더,S2,5,구,철근노출,,0.4,0.1,4,㎡,,0.16,보수완료,,,,
암정교,거더,S2,6,구,백태,,0.3,1.7,1,㎡,,0.51,보수완료,,,,
암정교,거더,S3,1,구,재료분리,,0.2,0.2,1,㎡,,0.04,보수완료,,,,
암정교,거더,S3,2,구,재료분리,,0.3,0.1,1,㎡,,0.03,보수완료,,,,
암정교,거더,S3,3,구,철근노출,,0.4,0.1,5,㎡,,0.2,보수완료,,,,
암정교,거더,S3,4,구,백태,,1.8,0.7,1,㎡,,1.26,,,,,
암정교,거더,S3,5,신,백태,,0.3,2.0,1,㎡,,0.6,,,,,
암정교,거더,S3,6,구,백태,,0.3,1.7,1,㎡,,0.51,보수완료,,,,
암정교,거더,S3,7,구,백태,,0.2,1.5,1,㎡,,0.3,보수완료,,,,
암정교,거더,S3,8,구,누수오염,,0.3,0.3,1,㎡,,0.09,보수완료,,,,
암정교,거더,S3,9,신,백태,,0.3,2.0,1,㎡,,0.6,,,,,
암정교,거더,S4,1,구,철근노출,,0.5,0.1,5,㎡,,0.25,보수완료,,,,
암정교,거더,S4,2,구,철근노출,,0.3,0.1,1,㎡,,0.03,보수완료,,,,
암정교,거더,S4,3,구,재료분리,,0.2,0.2,2,㎡,,0.08,보수완료,,,,
암정교,거더,S4,4,구,철근노출,,0.4,0.1,1,㎡,,0.04,보수완료,,,,
암정교,거더,S4,5,구,철근노출,,0.2,0.1,1,㎡,,0.02,보수완료,,,,
암정교,거더,S4,6,구,철근노출,,0.3,0.1,1,㎡,,0.03,보수완료,,,,
암정교,거더,S4,7,구,재료분리,,0.8,0.2,1,㎡,,0.16,보수완료,,,,
암정교,거더,S4,8,구,재료분리,,0.2,0.2,1,㎡,,0.04,보수완료,,,,
암정교,거더,S4,9,구,백태,,0.3,1.7,1,㎡,,0.51,보수완료,,,,
암정교,거더,S4,10,구,철근노출,,0.1,0.2,2,㎡,,0.04,보수완료,,,,
암정교,거더,S4,11,신,철근노출,,0.1,0.1,1,㎡,,0.01,,,,,
암정교,거더,S5,1,신,철근노출,,0.1,0.5,3,㎡,,0.15,,,,,
암정교,거더,S6,1,신,백태,,0.2,1.5,1,㎡,,0.3,,,,,
암정교,가로보,S1,1,구,재료분리,,0.6,0.3,1,㎡,,0.18,보수완료,,,,
암정교,가로보,S1,2,구,들뜸,,0.2,0.2,1,㎡,,0.04,보수완료,,,,
암정교,가로보,S1,3,신,백태,,0.5,1.8,3,㎡,,2.7,,,,,
암정교,가로보,S2,1,구,재료분리,,0.2,0.8,1,㎡,,0.16,보수완료,,,,
암정교,가로보,S2,2,구,재료분리,,0.1,1.2,1,㎡,,0.12,보수완료,,,,
암정교,가로보,S2,3,신,백태,,0.5,1.8,1,㎡,,0.9,,,,,
암정교,가로보,S2,4,신,균열(cw0.3㎜미만),0.2,0.8,,1,m,,0.8,,,,,
암정교,가로보,S3,1,구,들뜸,,0.8,0.3,1,㎡,,0.24,보수완료,,,,
암정교,가로보,S3,2,구,들뜸,,1.0,0.2,1,㎡,,0.2,보수완료,,,,
암정교,가로보,S3,3,구,재료분리,,0.8,1.0,1,㎡,,0.8,보수완료,,,,
암정교,가로보,S3,4,구,재료분리,,0.1,0.2,1,㎡,,0.02,보수완료,,,,
암정교,가로보,S3,5,구,백태,,0.4,1.8,1,㎡,,0.72,보수완료,,,,
암정교,가로보,S3,6,신,백태,,0.3,1.8,3,㎡,,1.62,,,,,
암정교,가로보,S3,7,신,백태,,0.6,1.8,1,㎡,,1.08,,,,,
암정교,가로보,S4,1,구,재료분리,,0.6,0.4,1,㎡,,0.24,보수완료,,,,
암정교,가로보,S5,1,구,재료분리,,0.3,0.4,1,㎡,,0.12,보수완료,,,,
암정교,가로보,S5,2,구,재료분리,,0.3,1.0,1,㎡,,0.3,보수완료,,,,
암정교,가로보,S5,3,구,재료분리,,0.2,0.7,1,㎡,,0.14,보수완료,,,,
암정교,가로보,S5,4,신,균열(cw0.3㎜미만),0.2,0.5,,1,m,,0.5,,,,,
암정교,가로보,S6,1,구,철근노출,,0.1,0.3,1,㎡,,0.03,보수완료,,,,
암정교,가로보,S6,2,구,철근노출,,0.2,0.1,1,㎡,,0.02,보수완료,,,,
암정교,가로보,S6,3,구,재료분리,,0.8,1.5,1,㎡,,1.2,보수완료,,,,
암정교,가로보,S6,4,구,재료분리,,0.3,0.2,1,㎡,,0.06,보수완료,,,,
암정교,가로보,S6,5,구,재료분리,,0.3,0.3,1,㎡,,0.09,보수완료,,,,
암정교,가로보,S6,6,구,들뜸,,0.2,0.3,1,㎡,,0.06,보수완료,,,,
암정교,가로보,S6,7,구,재료분리,,0.3,0.3,1,㎡,,0.09,보수완료,,,,
암정교,가로보,S6,8,구,재료분리,,0.2,0.2,1,㎡,,0.04,보수완료,,,,
암정교,가로보,S6,9,신,재료분리,,0.2,0.4,1,㎡,,0.08,,,,,
암정교,교대,A1,1,구,균열(cw0.3㎜미만),0.2,1.0,,1,m,,1.0,,,,,
암정교,교대,A1,2,구,균열(cw0.3㎜이상),0.3,1.8,,1,m,,1.8,보수완료,,,,
암정교,교대,A2,3,구,균열(cw0.3㎜미만),0.1,0.3,,1,m,,0.3,,,,,
암정교,교대,A2,4,구,균열(cw0.3㎜미만),0.2,0.4,,1,m,,0.4,,,,,
암정교,교대,A1,5,구,균열(cw0.3㎜미만),0.1,1.0,,1,m,,1.0,,,,,
암정교,교대,A1,6,구,누수흔적,,1.4,0.5,1,㎡,,0.7,,,,,
암정교,받침장치,A2,7,구,플레이트 부식,,,,1,EA,,1.0,보수완료,,,,
암정교,받침장치,A2,8,구,볼트마감캡 탈락,,,,1,EA,,1.0,,,,,
암정교,교대,A2,9,구,균열(cw0.3㎜미만),0.2,0.4,,1,m,,0.4,,,,,
암정교,교대,A2,10,구,백태,,0.6,0.2,1,㎡,,0.12,,,,,
암정교,교대,A2,11,구,균열(cw0.3㎜미만),0.1,0.4,,1,m,,0.4,,,,,
암정교,교대,A2,12,구,파손,,0.2,0.8,1,㎡,,0.16,보수완료,,,,
암정교,교대,A2,13,구,파손,,0.2,0.2,1,㎡,,0.04,보수완료,,,,
암정교,받침장치,A2,14,구,플레이트 부식,,,,1,EA,,1.0,보수완료,,,,
암정교,교대,A2,15,신,폐콘크리트 적치,,1.0,1.2,1,㎡,,1.2,,,,,
암정교,교대,A2,16,신,누수흔적 및 오염,,0.5,1.4,1,㎡,,0.7,,,,,
암정교,교각,P1,1,구,균열(cw0.3㎜미만),0.1,0.2,,1,m,,0.2,,,,,
암정교,교각,P1,2,구,균열(cw0.3㎜미만),0.1,0.3,,1,m,,0.3,,,,,
암정교,교각,P1,3,구,균열(cw0.3㎜미만),0.2,0.3,,1,m,,0.3,,,,,
암정교,교각,P1,4,구,균열(cw0.3㎜미만),0.2,0.2,,1,m,,0.2,,,,,
암정교,교각,P1,5,구,균열(cw0.3㎜미만),0.2,0.3,,1,m,,0.3,,,,,
암정교,교각,P1,6,구,균열(cw0.3㎜미만),0.1,0.2,,1,m,,0.2,,,,,
암정교,교각,P1,7,구,균열(cw0.3㎜미만),0.1,0.2,,1,m,,0.2,,,,,
암정교,교각,P1,8,구,균열(cw0.3㎜미만),0.1,0.3,,1,m,,0.3,,,,,
암정교,교각,P1,9,구,균열(cw0.3㎜미만),0.1,0.3,,1,m,,0.3,,,,,
암정교,교각,P1,10,구,누수흔적,,1.7,0.8,1,㎡,,1.36,보수완료,,,,
암정교,받침장치,P1,11,구,플레이트 부식,,,,1,EA,,1.0,보수완료,,,,
암정교,교각,P1,12,구,균열(cw0.3㎜미만),0.2,0.3,,1,m,,0.3,,,,,
암정교,교각,P1,13,구,파손,,0.2,0.3,1,㎡,,0.06,보수완료,,,,
암정교,교각,P1,14,구,파손,,0.1,0.2,1,㎡,,0.02,보수완료,,,,
암정교,받침장치,P1,15,신,플레이트 부식,,,,1,EA,,1.0,,,,,
암정교,교각,P2,1,구,균열(cw0.3㎜미만),0.2,0.3,,1,m,,0.3,,,,,
암정교,교각,P2,2,구,균열(cw0.3㎜미만),0.2,0.2,,1,m,,0.2,,,,,
암정교,교각,P2,3,구,균열(cw0.3㎜이상),0.3,1.0,,1,m,,1.0,보수완료,,,,
암정교,교각,P2,4,구,균열(cw0.3㎜미만),0.2,1.0,,1,m,,1.0,,,,,
암정교,교각,P2,5,구,균열(cw0.3㎜미만),0.2,0.7,,1,m,,0.7,,,,,
암정교,교각,P2,6,구,균열(cw0.3㎜미만),0.1,0.2,,1,m,,0.2,,,,,
암정교,교각,P2,7,구,균열(cw0.3㎜미만),0.2,0.5,,1,m,,0.5,,,,,
암정교,교각,P2,8,구,균열(cw0.3㎜미만),0.2,0.3,,1,m,,0.3,,,,,
암정교,교각,P2,9,구,균열(cw0.3㎜미만),0.2,0.3,,1,m,,0.3,,,,,
암정교,교각,P2,10,구,균열(cw0.3㎜미만),0.2,0.3,,1,m,,0.3,,,,,
암정교,교각,P2,11,구,균열(cw0.3㎜미만),0.2,0.3,,1,m,,0.3,,,,,
암정교,교각,P2,12,구,균열(cw0.3㎜미만),0.1,0.8,,1,m,,0.8,,,,,
암정교,교각,P2,13,구,균열(cw0.3㎜미만),0.1,0.6,,1,m,,0.6,,,,,
암정교,교각,P2,14,구,균열(cw0.3㎜미만),0.2,1.1,,1,m,,1.1,,,,,
암정교,교각,P2,15,구,균열(cw0.3㎜미만),0.1,0.4,,1,m,,0.4,,,,,
암정교,교각,P2,16,구,파손,,0.1,0.2,1,㎡,,0.02,보수완료,,,,
암정교,교각,P2,17,신,균열(cw0.3㎜미만),0.1,0.3,,1,m,,0.3,,,,,
암정교,교각,P3,1,구,균열(cw0.3㎜미만),0.1,0.5,,1,m,,0.5,,,,,
암정교,교각,P3,2,구,균열(cw0.3㎜미만),0.2,0.9,,1,m,,0.9,,,,,
암정교,교각,P3,3,구,균열(cw0.3㎜미만),0.1,0.2,,1,m,,0.2,,,,,
암정교,교각,P3,4,구,균열(cw0.3㎜미만),0.2,0.3,,1,m,,0.3,,,,,
암정교,교각,P3,5,구,균열(cw0.3㎜미만),0.2,0.3,,1,m,,0.3,,,,,
암정교,교각,P3,6,구,균열(cw0.3㎜미만),0.2,0.3,,1,m,,0.3,,,,,
암정교,교각,P3,7,구,균열(cw0.3㎜미만),0.2,1.4,,1,m,,1.4,,,,,
암정교,교각,P3,8,구,누수흔적,,2.0,1.0,1,㎡,,2.0,,,,,
암정교,교각,P3,9,구,누수흔적,,1.2,1.5,1,㎡,,1.8,,,,,
암정교,교각,P3,10,구,파손,,0.1,0.2,1,㎡,,0.02,보수완료,,,,
암정교,받침장치,P3,11,구,플레이트 부식,,,,2,EA,,2.0,보수완료,,,,
암정교,받침장치,P3,12,구,플레이트 부식,,,,1,EA,,1.0,,,,,
암정교,교각,P3,13,구,균열(cw0.3㎜미만),0.2,1.2,,1,m,,1.2,,,,,
암정교,교각,P3,14,구,균열(cw0.3㎜미만),0.2,1.4,,1,m,,1.4,,,,,
암정교,교각,P3,15,구,균열(cw0.3㎜미만),0.2,0.4,,1,m,,0.4,,,,,
암정교,교각,P3,16,구,균열(cw0.3㎜미만),0.2,0.8,,1,m,,0.8,,,,,
암정교,교각,P3,17,구,재료분리,,0.2,1.0,1,㎡,,0.2,보수완료,,,,
암정교,교각,P3,18,구,재료분리,,0.1,0.7,1,㎡,,0.07,보수완료,,,,
암정교,교각,P3,19,구,콘크리트 퇴적,,2.0,9.0,1,㎡,,18.0,,,,,
암정교,교각,P3,20,구,들뜸,,0.4,0.8,1,㎡,,0.32,보수완료,,,,
암정교,받침장치,P3,21,구,플레이트 부식,,,,1,EA,,1.0,,,,,
암정교,받침장치,P3,22,신,몰탈박락,,0.1,0.8,1,㎡,,0.08,,,,,
암정교,교각,P3,23,신,누수오염,,0.6,0.7,1,㎡,,0.42,,,,,
암정교,교각,P3,24,신,균열(cw0.3㎜미만),0.2,0.4,,1,m,,0.4,,,,,
암정교,교각,P4,1,구,균열(cw0.3㎜미만),0.1,0.3,,1,m,,0.3,,,,,
암정교,교각,P4,2,구,균열(cw0.3㎜미만),0.2,1.0,,1,m,,1.0,,,,,
암정교,교각,P4,3,구,균열(cw0.3㎜미만),0.2,1.7,,1,m,,1.7,,,,,
암정교,교각,P4,4,구,균열(cw0.3㎜미만),0.2,0.6,,1,m,,0.6,,,,,
암정교,교각,P4,5,구,균열(cw0.3㎜미만),0.1,0.3,,1,m,,0.3,,,,,
암정교,교각,P4,6,구,균열(cw0.3㎜미만),0.2,0.4,,1,m,,0.4,,,,,
암정교,교각,P4,7,구,균열(cw0.3㎜미만),0.1,0.5,,1,m,,0.5,,,,,
암정교,교각,P4,8,구,균열(cw0.3㎜미만),0.1,0.6,,1,m,,0.6,,,,,
암정교,교각,P4,9,구,재료분리,,0.2,1.0,1,㎡,,0.2,보수완료,,,,
암정교,교각,P4,10,구,침식,,2.5,1.0,1,㎡,,2.5,,,,,
암정교,받침장치,P4,11,구,플레이트 부식,,,,1,EA,,1.0,보수완료,,,,
암정교,교각,P4,12,구,재료분리,,0.8,0.6,1,㎡,,0.48,,,,,
암정교,교각,P4,13,구,균열(cw0.3㎜미만),0.1,0.4,,1,m,,0.4,,,,,
암정교,교각,P4,14,구,누수흔적,,0.7,1.6,1,㎡,,1.12,,,,,
암정교,교각,P4,15,구,균열(cw0.3㎜미만),0.2,1.1,,1,m,,1.1,,,,,
암정교,교각,P4,16,구,균열(cw0.3㎜미만),0.2,0.8,,1,m,,0.8,,,,,
암정교,교각,P4,17,구,균열(cw0.3㎜미만),0.2,0.7,,1,m,,0.7,,,,,
암정교,교각,P4,18,구,균열(cw0.3㎜미만),0.2,1.0,,1,m,,1.0,,,,,
암정교,교각,P4,19,구,균열(cw0.3㎜미만),0.1,0.3,,1,m,,0.3,,,,,
암정교,교각,P4,20,구,균열(cw0.3㎜미만),0.1,0.5,,1,m,,0.5,,,,,
암정교,교각,P4,21,구,균열(cw0.3㎜미만),0.1,0.7,,1,m,,0.7,,,,,
암정교,교각,P4,22,구,균열(cw0.3㎜미만),0.1,1.0,,1,m,,1.0,,,,,
암정교,교각,P4,23,구,균열(cw0.3㎜미만),0.1,1.2,,1,m,,1.2,,,,,
암정교,교각,P4,24,구,재료분리,,0.2,0.6,1,㎡,,0.12,보수완료,,,,
암정교,교각,P4,25,구,누수흔적,,1.0,1.5,1,㎡,,1.5,,,,,
암정교,교각,P4,26,구,부유물 적치,,,,1,EA,,1.0,,,,,
암정교,교각,P4,27,구,누수흔적,,1.0,1.6,1,㎡,,1.6,,,,,
암정교,교각,P4,28,구,균열(cw0.3㎜미만),0.2,1.5,,1,m,,1.5,,,,,
암정교,교각,P4,29,신,균열(cw0.3㎜미만),0.2,1.2,,1,m,,1.2,,,,,
암정교,교각,P4,30,신,균열(cw0.3㎜미만),0.1,0.2,,1,m,,0.2,,,,,
암정교,교각,P5,1,구,균열(cw0.3㎜미만),0.1,0.3,,1,m,,0.3,,,,,
암정교,교각,P5,2,구,균열(cw0.3㎜미만),0.2,0.3,,1,m,,0.3,,,,,
암정교,교각,P5,3,구,균열(cw0.3㎜미만),0.2,0.5,,1,m,,0.5,,,,,
암정교,교각,P5,4,구,균열(cw0.3㎜미만),0.1,0.3,,1,m,,0.3,,,,,
암정교,교각,P5,5,구,균열(cw0.3㎜미만),0.2,0.4,,1,m,,0.4,,,,,
암정교,교각,P5,6,구,균열(cw0.3㎜미만),0.1,0.2,,1,m,,0.2,,,,,
암정교,교각,P5,7,구,균열(cw0.3㎜미만),0.1,0.3,,1,m,,0.3,,,,,
암정교,교각,P5,8,구,균열(cw0.3㎜미만),0.1,0.2,,1,m,,0.2,,,,,
암정교,교각,P5,9,구,균열(cw0.3㎜미만),0.1,0.2,,1,m,,0.2,,,,,
암정교,교각,P5,10,구,균열(cw0.3㎜미만),0.2,1.0,,1,m,,1.0,,,,,
암정교,교각,P5,11,구,균열(cw0.3㎜미만),0.1,0.4,,1,m,,0.4,,,,,
암정교,교각,P5,12,구,들뜸,,0.6,1.2,1,㎡,,0.72,보수완료,,,,
암정교,받침장치,P5,13,구,도장박리,,0.1,0.3,1,㎡,,0.03,보수완료,,,,
암정교,교각,P5,14,구,균열(cw0.3㎜미만),0.1,0.5,,1,m,,0.5,,,,,
암정교,교각,P5,15,구,균열(cw0.3㎜미만),0.2,0.5,,1,m,,0.5,,,,,
암정교,교각,P5,16,구,균열(cw0.3㎜미만),0.2,0.2,,1,m,,0.2,,,,,
암정교,교각,P5,17,구,재료분리,,0.3,2.0,1,㎡,,0.6,,,,,
암정교,교각,P5,18,구,재료분리,,0.2,0.6,1,㎡,,0.12,보수완료,,,,
암정교,교각,P5,19,구,재료분리,,0.2,0.2,1,㎡,,0.04,보수완료,,,,
암정교,교각,P5,20,구,균열(cw0.3㎜미만),0.1,0.2,,1,m,,0.2,,,,,
암정교,교각,P5,21,구,균열(cw0.3㎜미만),0.1,1.0,,1,m,,1.0,,,,,
암정교,교각,P5,22,구,재료분리,,1.2,1.5,1,㎡,,1.8,보수완료,,,,
암정교,교각,P5,23,구,재료분리,,0.2,1.5,1,㎡,,0.3,,,,,
암정교,교각,P5,24,구,재료분리,,0.2,1.2,1,㎡,,0.24,보수완료,,,,
암정교,교각,P5,25,구,재료분리,,0.4,0.6,1,㎡,,0.24,보수완료,,,,
암정교,받침장치,P5,26,신,마감캡 탈락,,,,1,EA,,1.0,,,,,
암정교,교각,P5,27,신,침식,,0.5,2.5,4,㎡,,5.0,,,,,
암정교,교각,P5,28,신,균열(cw0.3㎜미만),0.1,1.0,,1,m,,1.0,,,,,
암정교,교각,P5,29,신,균열(cw0.3㎜미만),0.1,1.0,,1,m,,1.0,,,,,
